1	Stagmi	High-quality shapewear products	https://www.stagmi.com
2	Delie	Comfortable and effective shapewear	https://www.delie.com
3	M&D	Premium shapewear solutions	https://www.mandd.com
4	Ann Michell	Elegant and durable shapewear	https://www.annmichell.com
5	Colombian Jeans	Stylish and comfortable jeans	https://www.colombianjeans.com
6	Capri Jeans	Versatile and modern jeans	https://www.caprijeans.com
7	Colombian Sportswear	Functional and fashionable sportswear	https://www.colombiansportswear.com
8	Slim Teas	Effective slimming teas	https://www.slimteas.com
9	Chupa Grass	Natural herbal slimming tea	https://www.chupagrass.com
10	Divina	Delicious and healthy tea blends	https://www.divinatea.com
11	Pinalim	Powerful weight loss tea	https://www.pinalim.com
12	Chupa Panza	Slimming and firming cream	https://www.chupapanza.com
13	Caffeine Cream	High-performance caffeine-based cream	https://www.caffeinecream.com
14	Maxi Buttocks	Enhancing and toning cream	https://www.maxibuttocks.com
15	Crema Reductora	Intensive slimming cream	https://www.cremareductora.com
16	Bras 803-2	Strapless bras with perfect support	https://www.bras803-2.com
17	Bras 803-3	Comfortable and secure strapless bras	https://www.bras803-3.com
18	Bras 803-4	Stylish and supportive strapless bras	https://www.bras803-4.com
19	Fajas Delie	High-quality Colombian shapewear	https://www.fajasdelie.com
20	Fajas M&D	Advanced design shapewear for men	https://www.fajasmnd.com