1	Laura	Moreno	lalumome@gmail.com	2022-01-30	1	904-444-6464	77336	Houston	250 Patton St D	1407	233
2	Brett	Meirhofer	brettmeirhofer@gmail.com	2022-01-30	2	904-444-6465	77337	Houston	250 Patton St D	1407	233
3	Perminder	Singh	tomsingh2011@gmail.com	2022-02-20	3	904-444-6466	77338	Houston	250 Patton St D	1407	233
4	Daniel	Thomas	dgthoma1999@gmail.com	2022-02-03	1	904-444-6467	77339	Houston	250 Patton St D	1407	233
5	Alexander	Bermudez	albermud2@gmail.com	2022-02-04	2	904-444-6468	77340	Houston	250 Patton St D	1407	233
6	Seth	Esparza	seth.i.esparza@gmail.com	2022-02-08	1	904-444-6469	77341	Houston	250 Patton St D	1407	233
7	Virgil	Hemlin	virgilhemlin@gmail.com	2022-02-13	1	904-444-6470	77342	Houston	250 Patton St D	1407	233
8	Daniel	Hernandez	elitefc16@gmail.com	2022-02-20	1	904-444-6471	77343	Houston	250 Patton St D	1407	233
9	Susan	Smith	redone1977@crossfitcoastal.com	2022-02-25	1	904-444-6472	77344	Houston	250 Patton St D	1407	233
10	Mary	Garcia	distal@mtcxmail.com	2022-03-05	3	904-444-6473	77345	Houston	250 Patton St D	1407	233
11	Michael	Brooks	sebekgeb@alvinneo.com	2022-04-10	3	904-444-6474	77346	Houston	250 Patton St D	1407	233
12	Edmund	Dixon	b4132092@alvinneo.com	2022-03-15	1	904-444-6475	77347	Houston	250 Patton St D	1407	233
13	Julio	Ramos	njkjnkjljkljk@hohohim.com	2022-06-30	1	904-444-6476	77348	Houston	250 Patton St D	1407	233
14	Fred	Evans	srrichey@hohohim.com	2022-02-03	2	904-444-6477	77349	Houston	250 Patton St D	1407	233
15	Norma	Butler	jerilowler@storebas.site	2022-03-08	1	904-444-6478	77350	Houston	250 Patton St D	1407	233
16	Ruth	Lee	livshich@samproject.tech	2022-05-30	1	904-444-6479	77351	Houston	250 Patton St D	1407	233
17	Jesse	Harris	clone12@healthsoulger.com	2022-04-10	2	904-444-6480	77352	Houston	250 Patton St D	1407	233
18	Emily	Norris	teyako@comodormail.com	2022-04-15	1	904-444-6481	77353	Houston	250 Patton St D	1407	233
19	Chris	Bell	kjffry@hula3s.com	2022-04-30	1	904-444-6482	77354	Houston	250 Patton St D	1407	233
20	Brian	Stewart	lexibrady@kenvanharen.com	2022-04-23	1	904-444-6483	77355	Houston	250 Patton St D	1407	233
21	Donna	Barnes	qaplaa01@mtcxmail.com	2022-05-12	1	904-444-6484	77356	Houston	250 Patton St D	1407	233
22	Anthony	Bailey	nicvic@ourjelly.com	2022-06-30	1	904-444-6485	77357	Houston	250 Patton St D	1407	233
23	Liliana	Garcia	bosyak12@emvil.com	2022-07-14	2	904-444-6486	77358	Houston	250 Patton St D	1407	233
24	Jason	Lopez	j8dorb3b47f@dmxs8.com	2022-07-27	1	904-444-6487	77359	Houston	250 Patton St D	1407	233
25	Billy	Davis	lalafamka@packiu.com	2022-08-16	3	904-444-6488	77360	Houston	250 Patton St D	1407	233
26	Arthur	Mitchell	rizvangadziev@bandtoo.com	2022-09-20	1	904-444-6489	77361	Houston	250 Patton St D	1407	233
27	Debra	James	romka4ik@crossfitcoastal.com	2022-09-07	1	904-444-6490	77362	Houston	250 Patton St D	1407	233
28	Kevin	Watson	quabro@duolcxcloud.com	2023-10-07	1	904-444-6491	77363	Houston	250 Patton St D	1407	233
29	Christine	White	winks99999@mtcxmail.com	2023-03-29	1	904-444-6492	77364	Houston	250 Patton St D	1407	233
30	Brett	Robinson	farteli@eth0004mine.cf	2023-03-20	1	904-444-6493	77365	Houston	250 Patton St D	1407	233